207153826, 15:44:41
207608670, 16:00:11
207623687, 15:40:34
207736307, 15:44:38
207768857, 15:39:45
208215624, 15:40:19
208667436, 15:44:12
209005677, 15:42:08
209008648, 15:47:00
209180538, 16:46:10
209186725, 16:04:08
209767730, 16:42:53
211468368, 15:40:53
213313513, 15:46:45
213802036, 16:46:13
213983307, 16:14:47
214350084, 15:40:27
214555237, 15:40:52
214592685, 15:40:36
214973901, 15:46:38
215417825, 15:46:29
215419938, 15:40:30
215573734, 16:46:14
216241919, 15:40:16
219917663, 15:46:05
221384845, 15:40:43
221734577, 15:46:55
231227562, 15:40:33
